firstName,lastName,occupation,job_title,location,linkedinEmail,proEmail,salesNavigatorId,phoneNumbers,prospectList,linkedinUrl,profilePictureUrl,premium,jobSeeker,importDate,profileStatus,connectionRequestDate,messageSent,lastLinkedinMessageSentDate,messageReplied,lastLinkedinReplyDate,emailSent,lastEmailSentDate,emailReplied,lastEmailReplyDate,connectedAt,firstMessageAt,tags,company_name,company_linkedinUrl,company_website,linkedInConversationLink,gender,state
Joe,Sexton,Owner and CEO,Owner and CEO at PUBLIC Snowboards,Greater Minneapolis-St. Paul Area,"","",ACwAAC7CWT8BCI8UNfXts8IMliLvB69lOELBQnI,"",Dataset 1,https://www.linkedin.com/in/joe-sexton-67b88219a,"",No,No,2025-07-07,not_connected,"",No,"",No,"",No,"",No,"","","",yes - snowboards,PUBLIC Snowboards,,,"",male,none
Mark,Vaughn,Owner / Partner,"",Denver Metropolitan Area,"","",ACwAAAQ4odUByguDoAGAeBoAHdoz35JkY530uhM,"",Dataset 1,https://www.linkedin.com/in/mark-vaughn-b858731b,https://media.licdn.com/dms/image/v2/C5603AQE6gTYVuMOsHA/profile-displayphoto-shrink_800_800/profile-displayphoto-shrink_800_800/0/1614186435641?e=1753315200&v=beta&t=XieB3-sbe7EmgQidWDA2r5XgMB2ziO90vm-H7xHF2sM,No,No,2025-07-07,not_connected,"",No,"",No,"",No,"",No,"","","",yes - sports goods,Alpin Sales Inc.,,,"",male,none
John,Breaker,Owner,Founder BirdieBall,Golden  Colorado  United States,"","",ACwAAAEPDIoBP9WnzNg7aLau37COFHOWF-jetXI,"",Dataset 1,https://www.linkedin.com/in/john-breaker-94ab475,https://media.licdn.com/dms/image/v2/C4E03AQG7tRnTt9yuDA/profile-displayphoto-shrink_800_800/profile-displayphoto-shrink_800_800/0/1517661820344?e=1753315200&v=beta&t=1fE2aUCSF9ah_jg8gxC_GTjenVUjc2KlKeHcoK2zpUA,No,No,2025-07-07,not_connected,"",No,"",No,"",No,"",No,"","","",yes - sports goods - golf stuff,Birdie Ball,,,"",male,none
Curt,Nichols,Founder & CEO,Founder & CEO at Glade Optics,Breckenridge  Colorado  United States,"","",ACwAADpn9mgBcIb7wr1NBxQlPo-BDH19AY8tbSM,"",Dataset 1,https://www.linkedin.com/in/curt-nichols-0341b7234,https://media.licdn.com/dms/image/v2/D5603AQF8egY5BUQNQw/profile-displayphoto-shrink_800_800/profile-displayphoto-shrink_800_800/0/1691364443996?e=1753315200&v=beta&t=HIMslg5a-FEq5AJ9z_vm0BB2jXzH6eI6XEYUyJTyMsE,No,No,2025-07-07,not_connected,"",No,"",No,"",No,"",No,"","","",yes - sports goods - snowboards,Glade Optics,,,"",male,none
Michael,Juels,Founder & CEO,Founder & CEO at GameBreaker  Leading Safety Innovation in Sports,Los Angeles Metropolitan Area,"","",ACwAAABWrpoBEipMFxbKndFPyUFIfs1A2DQ7JDU,"",Dataset 1,https://www.linkedin.com/in/michaeljuels,https://media.licdn.com/dms/image/v2/D5603AQEg3p10Wa1c3Q/profile-displayphoto-shrink_800_800/profile-displayphoto-shrink_800_800/0/1676678895761?e=1753315200&v=beta&t=t8akabnJzQx8PLQ8oYaEoXNMLp-J1VtIvlQ8HkzHfYw,Yes,No,2025-07-07,not_connected,"",No,"",No,"",No,"",No,"","","",yes - sports goods,GameBreaker,https://www.linkedin.com/company/gamebreakerinc/,http://www.gamebreaker.com,"",male,none
Austin,Morrison,Business Owner,Empowering Coaches To Make Sound Uniform Decisions | Sports Uniforms & Team Wear,Dallas-Fort Worth Metroplex,"","",ACwAABMOpq0BcPiCAFw0sPc3qp_RavyuO39zfL4,"",Dataset 1,https://www.linkedin.com/in/atmorrison,https://media.licdn.com/dms/image/v2/C4E03AQHIMF5QXSKkpg/profile-displayphoto-shrink_800_800/profile-displayphoto-shrink_800_800/0/1629388844078?e=1753315200&v=beta&t=sAFsHyd0jF2r6FK1F8afG29SENJ7HAtXd_oB1QaygY0,No,No,2025-07-07,not_connected,"",No,"",No,"",No,"",No,"","","",yes - sports goods,ATM Sports,,,"",male,none
Chris,Washburn,CEO / Founder,CEO / Founder Ari Bikes,Lindon  Utah  United States,"","",ACwAACHws2cBh2tqfvHsptkBl7HuBLBxepBn4wE,"",Dataset 1,https://www.linkedin.com/in/chris-washburn-03384713a,https://media.licdn.com/dms/image/v2/C4D03AQGhs-okz_2r8Q/profile-displayphoto-shrink_100_100/profile-displayphoto-shrink_100_100/0/1517609367965?e=1752710400&v=beta&t=AGih0mDN8ewjf14K4feSVRpn0yZ5lMjgjhjyNUp8elg,Yes,No,2025-07-07,not_connected,"",No,"",No,"",No,"",No,"","","",yes - sports goods,Ari Bikes,,,"",male,none
Dillon,Cappell,Business Owner,Business Owner at TwistLace Ltd.,Toronto  Ontario  Canada,"","",ACwAACexgbUBYKm1KTBr9HnBSEGt7HU8XG170pY,"",Dataset 1,https://www.linkedin.com/in/dillon-cappell-671034167,"",No,No,2025-07-07,not_connected,"",No,"",No,"",No,"",No,"","","",yes - sports goods,Twistlace LTD,,,"",male,none
Varun,Sharma,President,Founder JPC Equestrian Inc  Breeches.com and Salvation Tree School,West Palm Beach  Florida  United States,"","",ACwAACGapH8BBn2tmjKGlrgPT910Nt_K0iHCtsA,"",Dataset 1,https://www.linkedin.com/in/varun-sharma-227987138,https://media.licdn.com/dms/image/v2/D4E03AQEmYQUYJPcE7g/profile-displayphoto-shrink_800_800/profile-displayphoto-shrink_800_800/0/1674158540001?e=1756944000&v=beta&t=xYgqMmgg4PP-vzYWcXO3oheOFul87l2sK7IkiktLE78,No,No,2025-07-07,not_connected,"",No,"",No,"",No,"",No,"","","",yes - sports goods,JPC Equestrian,,,"",male,none
Mitch,Carlin,CEO North America ,CEO North America at ZIVA Co.  LTD,Raleigh  North Carolina  United States,"","",ACwAAA0oP7wB6UDNKs-A6mE8q6nZSFxXw9VZNRo,"",Dataset 1,https://www.linkedin.com/in/mitch-carlin,https://media.licdn.com/dms/image/v2/D4E03AQHQe9qvysz4zQ/profile-displayphoto-shrink_800_800/profile-displayphoto-shrink_800_800/0/1727968888761?e=1752710400&v=beta&t=fwpdlOPLsOTO1lzVN4lImYT4CRNSvyQU_PZKxY8K0ME,No,No,2025-07-07,not_connected,"",No,"",No,"",No,"",No,"","","",yes - fitness,ZIVA Co.  LTD,,,"",male,none
Ryan,Bevins,Vice President/CFO ,Vice President/CFO  at Hodgdon Powder Company Inc,Overland Park  Kansas  United States,"","",ACwAAADif38BbvUfNPmbSwusMvnnPGnlvsbZMks,"",Dataset 1,https://www.linkedin.com/in/ryan-bevins-193b7a4,"",No,No,2025-07-07,not_connected,"",No,"",No,"",No,"",No,"","","",yes - sports goods,Hodgdon Powder Company Inc,,,"",male,none
Tom,Hart,Founder & CEO,Founder & CEO  Spinball Sports,Mount Vernon  Illinois  United States,"","",ACwAAA4hsksB6rS77ZFQMSoHLyPQyeS9HwHPZZk,"",Dataset 1,https://www.linkedin.com/in/tomthehitmanhart,https://media.licdn.com/dms/image/v2/C5603AQH0Yi02d5iHhg/profile-displayphoto-shrink_800_800/profile-displayphoto-shrink_800_800/0/1517355736385?e=1753315200&v=beta&t=7KtkUYePG7WJwWGa_kjQ4Fh3T17rF6q6Tggk7ivlbpM,No,No,2025-07-07,not_connected,"",No,"",No,"",No,"",No,"","","",yes - sports goods,Spinball Sports,,,"",male,none
Mike,Forsey,Founder  President,Co-Founder & President at PAYNTR Golf,Lake Oswego  Oregon  United States,"","",ACwAAAF0ttUBjZvwHkawIqXnKPijV0hYlqqwlg0,"",Dataset 1,https://www.linkedin.com/in/mforsey,https://media.licdn.com/dms/image/v2/D5603AQG3Is4o_jQywA/profile-displayphoto-shrink_800_800/profile-displayphoto-shrink_800_800/0/1730398708097?e=1752710400&v=beta&t=XRTFFkGbvz-X9-eGSW0jYr3WXa89sGOC63VWdjvJ2Qc,Yes,No,2025-07-07,not_connected,"",No,"",No,"",No,"",No,"","","",yes - sports goods - golf stuff,4C Group,,,"",male,none
Matt,Keibler,Managing Director,Managing Director at Outtech Inc,Coraopolis  Pennsylvania  United States,"","",ACwAAAHt0mkBTM4l9oVR2EiEEjFYXWEYDFyjWgM,"",Dataset 1,https://www.linkedin.com/in/matt-keibler-7a1a08a,https://media.licdn.com/dms/image/v2/D4E03AQH54FR6XBtepQ/profile-displayphoto-shrink_800_800/profile-displayphoto-shrink_800_800/0/1684458905417?e=1753315200&v=beta&t=xxRdDz8IOofTk0cNXXG010-5yJ1oR_BeHqRxxEm4it0,No,No,2025-07-07,not_connected,"",No,"",No,"",No,"",No,"","","",sports goods - yes,Outtech Inc,,,"",male,none
Matt,Frakes,Owner,Owner - Paddle North,Minneapolis  Minnesota  United States,"","",ACwAAAikBV8BcC8ibAeVVhLb5oF7nd55D9GeJvo,"",Dataset 1,https://www.linkedin.com/in/matt-frakes-b3b67040,https://media.licdn.com/dms/image/v2/D5603AQHiByLvcO48AQ/profile-displayphoto-shrink_800_800/profile-displayphoto-shrink_800_800/0/1718220988781?e=1753315200&v=beta&t=sYdvCVaRVoRB1YIwTrxmm9Z3objg9MMrlaUOlP0VPCs,No,No,2025-07-07,not_connected,"",No,"",No,"",No,"",No,"","","",yes - sports goods,Paddle North,,,"",male,none
Ian,Ritz,Owner,Owner  Chromag Bikes,Whistler  British Columbia  Canada,"","",ACwAAACMEq4BRzwlqg_-BBR7D26Yu5DN6YQo3_o,"",Dataset 1,https://www.linkedin.com/in/ian-ritz-4920a83,"",No,No,2025-07-07,not_connected,"",No,"",No,"",No,"",No,"","","",yes - sports goods,Chromag Bikes,,,"",male,none
Jim,Durfee,Owner,Consumer Goods Specialist ,Cedar City  Utah  United States,"","",ACwAAAJ9s6oBTezVNhDTj7gf1A5NuKe7b1hYCsE,"",Dataset 1,https://www.linkedin.com/in/jim-durfee-522bb511,https://media.licdn.com/dms/image/v2/C5603AQEOqU8KzN-seg/profile-displayphoto-shrink_800_800/profile-displayphoto-shrink_800_800/0/1517776880905?e=1753315200&v=beta&t=t4407PovsWYEnwaqnWCgaPYC4DFaDaGpuQDem5bu_64,No,No,2025-07-07,not_connected,"",No,"",No,"",No,"",No,"","","",yes - sports goods,Ironhorse Gear,https://www.linkedin.com/company/ironhorse-gear/,http://www.ironhorsegear.com,"",male,none
Joe,Earley,Owner,Owner  Tifosi Optics,Watkinsville  Georgia  United States,"","",ACwAAADeBJQBk7Kui1xz2wIy6UP4nfQeWPfxZLc,"",Dataset 1,https://www.linkedin.com/in/joe-earley-298a584,https://media.licdn.com/dms/image/v2/C4E03AQF2oK1jg2AVvw/profile-displayphoto-shrink_800_800/profile-displayphoto-shrink_800_800/0/1517715754293?e=1753315200&v=beta&t=kb60QpmGFKGc-oJNcEXDkwIBNsHDT22MgEZpgqQFQg0,No,No,2025-07-07,not_connected,"",No,"",No,"",No,"",No,"","","",yes - sports goods,Tifosi Optics,https://www.linkedin.com/company/tifosi-optics/,http://www.tifosioptics.com,"",male,none
Jerad,Wells,Owner,Owner,Englewood  Colorado  United States,"","",ACwAAAEj9vMBHs24ttR-IuBjUaz5tEchuZsRzBQ,"",Dataset 1,https://www.linkedin.com/in/jerad-wells-0434a96,https://media.licdn.com/dms/image/v2/C4E03AQHMPJLQhZV_0g/profile-displayphoto-shrink_800_800/profile-displayphoto-shrink_800_800/0/1517686138180?e=1753315200&v=beta&t=Y1_5b51mc6_BMqvb3X-EPH9y2-whivj1bl4pkplH1XM,No,No,2025-07-07,not_connected,"",No,"",No,"",No,"",No,"","","",yes - sports goods,Maverick Climbing ,,,"",male,none
Scott,Bakken,Owner/COO,Owner/COO,Alexandria  Minnesota  United States,"","",ACwAABCKQR0BMKCatw83eTqwJLPH3XS7ghW5Tbk,"",Dataset 1,https://www.linkedin.com/in/scott-bakken-025b2478,"",No,No,2025-07-07,not_connected,"",No,"",No,"",No,"",No,"","","",yes - sports goods,Dialed Archery,,,"",male,none
Don,Acree,Founder  CEO,Founder  CEO at Fisherman Creations  Inc.,Atlantic Beach  North Carolina  United States,"","",ACwAAATXhVsBfC7jIBzbSWPwIm6BhJRKflxBI3I,"",Dataset 1,https://www.linkedin.com/in/don-acree-b8b25523,https://media.licdn.com/dms/image/v2/C4D03AQHjnlAGqHxFcg/profile-displayphoto-shrink_800_800/profile-displayphoto-shrink_800_800/0/1517020107722?e=1756944000&v=beta&t=AkHhVv76iL3Jg3zhsp15zXPH8U83-mFpkbivoSIYyiM,Yes,No,2025-07-07,not_connected,"",No,"",No,"",No,"",No,"","","",yes - Fishing product,Fisherman Creations  Inc.,https://www.linkedin.com/company/fisherman-creations-inc./,http://www.crabpottrees.com,"",male,none
Kenny,Anunike  M.A.,Founder & CEO,Super Bowl 50 Champion | Founder & CEO at Skelo Wear®,Columbus  Ohio Metropolitan Area,"","",ACwAACB1vzABkVDdqnrfB_U6GksBytRewyShaB4,"",Dataset 1,https://www.linkedin.com/in/kanunike,https://media.licdn.com/dms/image/v2/D4E03AQHz7tIeT1_6cA/profile-displayphoto-shrink_800_800/profile-displayphoto-shrink_800_800/0/1710723589693?e=1753315200&v=beta&t=2436Km28FU3UYnxGLVvBxeMH1HBaLsyLjqESOdzkML4,No,No,2025-07-07,not_connected,"",No,"",No,"",No,"",No,"","","",yes - sports goods,Skelo Wear®,,,"",male,none
Julie,Hawksworth,Owner,CEO and President  Micro Kickboard,United States,"","",ACwAAAKVOvoBdOKsA9LaTgipqhVxl8K-VyTIfN0,"",Dataset 1,https://www.linkedin.com/in/julie-hawksworth-ceomicrokickboard,https://media.licdn.com/dms/image/v2/C5603AQEvCZfFnY00AA/profile-displayphoto-shrink_100_100/profile-displayphoto-shrink_100_100/0/1603175230185?e=1752710400&v=beta&t=vBHvuUU60cj7rQGHk9w4EGpTrev-R9XV3aNErNIPLKM,No,No,2025-07-07,not_connected,"",No,"",No,"",No,"",No,"","","",yes - sports goods,Micro Kickboard,,,"",female,none
Kevin,R.,President,President at Schooler Outdoor Marketing,Flower Mound  Texas  United States,"","",ACwAAAGnxA8BN4FBBEbZbqDXZ_0ycs3HTSyBvjA,"",Dataset 1,https://www.linkedin.com/in/kevin-roberson-8673739,https://media.licdn.com/dms/image/v2/D5603AQE1xywImfpvDg/profile-displayphoto-shrink_800_800/profile-displayphoto-shrink_800_800/0/1678285070437?e=1756944000&v=beta&t=zr_U_8_FvQSkOg4RBdbiWLSjwmlj8C3gLOguSzuhT5I,Yes,No,2025-07-07,not_connected,"",No,"",No,"",No,"",No,"","","",yes - sports goods,Schooler Outdoor Marketing,,,"",male,none
Kevin,Chu,President  Founder,Founder & CEO at Mastery Fitness Group,El Segundo  California  United States,"","",ACwAAAGvlmEBYlPcQHK3-f6VuvsySwTuPoyeu6M,"",Dataset 1,https://www.linkedin.com/in/kevchu,https://media.licdn.com/dms/image/v2/C5603AQEz68pRS3IPLg/profile-displayphoto-shrink_800_800/profile-displayphoto-shrink_800_800/0/1567746926669?e=1753315200&v=beta&t=EdViWfVOwj9EtLlB2qe5sOjEhas4wtPlLDhlJBcvat4,No,No,2025-07-07,not_connected,"",No,"",No,"",No,"",No,"","","",yes - fitness,Mastery Fitness Group,,,"",male,none
Bill,Krivak,Founder & CEO,Founder & CEO - Robo Point Guard,Greater Houston,"","",ACwAAADY5zMBey7xm0Iw7MJsu0HwisOV3yJApeY,"",Dataset 1,https://www.linkedin.com/in/bill-krivak-3039164,https://media.licdn.com/dms/image/v2/D5603AQEMH-FhTH_x-Q/profile-displayphoto-shrink_800_800/profile-displayphoto-shrink_800_800/0/1696426232276?e=1753315200&v=beta&t=MHY4x8A_d1CMY3I7Iw5NqqXAhoBIhO3pxmobP88Ul_k,Yes,No,2025-07-07,not_connected,"",No,"",No,"",No,"",No,"","","",yes - sports goods,Robo Point Guard,,,"",male,none
Jon,Wilkins,Principal CEO; Founder.,Leading water sports brand  specializing in Snorkeling and Swim  sold at 1 500+ US & Caribbean locations.,Norwalk  Connecticut  United States,"","",ACwAAAYPv0QBxqXrs9LEoZOz5I3HYcCm-VyUm8s,"",Dataset 1,https://www.linkedin.com/in/jon-wilkins-5440832a,"",No,No,2025-07-07,not_connected,"",No,"",No,"",No,"",No,"","","",yes - sports goods - water sports,GUARDIAN Scuba and Watersports,,,"",male,none
Yasu,Oba,Founder / CEO,Strategic & Innovative COO Level Executive | Driving Operational Efficiency & Profitability | Expert in Global Supply Chain Optimization |,Carlsbad  California  United States,"","",ACwAAAAHGcEBIzy-WxIeWZSmN6-2qayYWnDvDzA,"",Dataset 1,https://www.linkedin.com/in/yasuoba,"",Yes,No,2025-07-07,not_connected,"",No,"",No,"",No,"",No,"","","",yes - golf stuff - sports goods,O8 Novus LLC,,,"",male,none
Tim,Lane,CEO / Founder,Digit Bikes  DirtBaggies,Irvine  California  United States,"","",ACwAAAGeWSQBlMLqXekyW38pGYHKWgxCO5ptMV0,"",Dataset 1,https://www.linkedin.com/in/timlanedesign,https://media.licdn.com/dms/image/v2/C5603AQEHrnzaEiZVRQ/profile-displayphoto-shrink_100_100/profile-displayphoto-shrink_100_100/0/1649738493577?e=1755129600&v=beta&t=e8977oxYqPIyEglLsyG5iIi4cFBOIT_yWz6JhB3KzIQ,No,No,2025-07-07,not_connected,"",No,"",No,"",No,"",No,"","","",yes - sports goods - bicycle,Digit Bikes,https://www.linkedin.com/company/digitbikes/,digitbikes.com,"",male,none
Tony,Grubb,Owner & Chief Executive Officer,Owner & CEO at Rumpf Fly Fishing & Perfect Hatch,Greater Philadelphia,"","",ACwAAAJo_acBYpojqG_iqSzwCZAZorwOluYJ5QQ,"",Dataset 1,https://www.linkedin.com/in/tony-grubb,https://media.licdn.com/dms/image/v2/D4E03AQEjQkTttkkyvg/profile-displayphoto-shrink_800_800/profile-displayphoto-shrink_800_800/0/1688221439507?e=1753315200&v=beta&t=dISABR7_l0iwHeMaIwBVrWEpkWAqw_YDhvB7XlRvtm0,No,No,2025-07-07,not_connected,"",No,"",No,"",No,"",No,"","","",yes - Fishing product,Raymond C Rumpf & Son Fly Fishing,,,"",male,none
Jason,Robles,CEO / Founder,CEO at TechAthletic  Inc.,Houston y alrededores,"","",ACwAABOZbGgBJtuBwKoPm0LsuQMrrjKi0GXU7Wc,"",Dataset 1,https://www.linkedin.com/in/jason-robles-52015692,https://media.licdn.com/dms/image/v2/D5603AQHFbvzgODhDVw/profile-displayphoto-shrink_800_800/profile-displayphoto-shrink_800_800/0/1718203905211?e=1753315200&v=beta&t=m-VNFDI-S2gBk5d_pTo1t4Jju_s3w5huzmaemm3MK3w,No,No,2025-07-07,not_connected,"",No,"",No,"",No,"",No,"","","",yes - sports goods,TechAthletic™,https://www.linkedin.com/company/techathletic/,https://techathletic.com/,"",male,none
Mike,Bennett,Owner,Owner  Team Gear International,South Jordan  Utah  United States,"","",ACwAAACY_dkBtiWrBCWxSZdx8MRyLQUyuyZ3vxs,"",Dataset 1,https://www.linkedin.com/in/mike-bennett-4214363,https://media.licdn.com/dms/image/v2/C4E03AQF2Lyrv77xI7Q/profile-displayphoto-shrink_800_800/profile-displayphoto-shrink_800_800/0/1516303818929?e=1753315200&v=beta&t=3CwikSSPrJpdDFw9vG6V_rp4lhE5f-kdSX9LN3IHAd4,No,No,2025-07-07,not_connected,"",No,"",No,"",No,"",No,"","","",yes - sports goods,Team Gear International,,,"",male,none
Chad,Bollweg,Founder  President  & CEO,Founder & CEO at League Outfitters,Jessup  Maryland  United States,"","",ACwAAADE_BYBOYTDYXgJZE1kxANv71nPvlQh2Hk,"",Dataset 1,https://www.linkedin.com/in/chad-bollweg-9b23a64,https://media.licdn.com/dms/image/v2/D4E03AQErd8eKdo98jw/profile-displayphoto-shrink_100_100/B4EZV2lhQ0GwAU-/0/1741451302839?e=1756339200&v=beta&t=Egmr7Gi4ZT4hUeuKBr6E-sEkSmgpThS_uDD0XPKx2WY,No,No,2025-07-07,not_connected,"",No,"",No,"",No,"",No,"","","",yes - sports goods,League Outfitters,,,"",male,none
Michael,Paramore,Owner,Owner at 323 Sports,Raleigh  North Carolina  United States,"","",ACwAAAp1uMABsHG8i-ZO5kin_jgZn_yfdkoG7bQ,"",Dataset 1,https://www.linkedin.com/in/michael-paramore-0a892b4a,https://media.licdn.com/dms/image/v2/C5603AQFMMSDFkJBrkw/profile-displayphoto-shrink_800_800/profile-displayphoto-shrink_800_800/0/1517550211833?e=1753315200&v=beta&t=Dqov8bu9aF3KES3HEfVOqeb3lHG-mkJpea5hsjLcCnE,No,No,2025-07-07,not_connected,"",No,"",No,"",No,"",No,"","","",yes - sports goods,323 Sports,,,"",male,none
Kevin,Timm,Founder / President ,--,Ridgway  Colorado  United States,"","",ACwAABKxTi4BmspoLbgnpNLz52gJXCVm93PB9sE,"",Dataset 1,https://www.linkedin.com/in/kevin-timm-17a03b89,https://media.licdn.com/dms/image/v2/D5603AQHVww8J9DpKAg/profile-displayphoto-shrink_400_400/B56ZUlaWQlHsAg-/0/1740089419839?e=1753315200&v=beta&t=8_Br80EaWdE_xiqNWjdrO5VYVW2Glk80teTwA1djfzE,No,No,2025-07-07,not_connected,"",No,"",No,"",No,"",No,"","","",sports goods - yes,Seek Outside ,,,"",male,none
Caroline,Castille,Owner & Investor,CEO of Clickable Impact | Founding Partner @ Flightpath Golf | Acquiring Media  Ecom  & SAAS in the Golf Industry,Orlando  Florida  United States,"","",ACwAAA5PezMBnnENviVc3R-O7IPxJ3dotq0BRXE,"",Dataset 1,https://www.linkedin.com/in/carolinecastille,https://media.licdn.com/dms/image/v2/D4D03AQHu0huD6pyjcQ/profile-displayphoto-shrink_800_800/profile-displayphoto-shrink_800_800/0/1723652934139?e=1756944000&v=beta&t=kD6v7XVDV-uwB8nMUNLN1twFbbn08NAFewXfXWQiFJU,Yes,No,2025-07-07,not_connected,"",No,"",No,"",No,"",No,"","","",yes - golf stuff,Clickable Impact,https://www.linkedin.com/company/clickable-impact/,https://clickableimpact.com,"",female,none
Todd,O'Donnell PMP,Business Owner,"",Novi  Michigan  United States,"","",ACwAAAiazfYBLJj2HgjW8GOHn2gwGDspy7GvjEA,"",Dataset 1,https://www.linkedin.com/in/todd-o-donnell-pmp-49a41b40,https://media.licdn.com/dms/image/v2/C5603AQG3-aJ0vOFBNw/profile-displayphoto-shrink_800_800/profile-displayphoto-shrink_800_800/0/1516900272962?e=1753315200&v=beta&t=t8CNddihkSlO8KKE1hMrwUzUs0v7u8u3yTuBMOH5Lpo,No,No,2025-07-07,not_connected,"",No,"",No,"",No,"",No,"","","",yes - sports goods,Blast cornhole,,,"",male,none
Benjamin,McEvoy,CEO and Founder,CEO and Founder of Benji Ball,Los Angeles  California  United States,"","",ACwAACRTyUEBdSTcxPmin3ynBrmqnUCC323yfM0,"",Dataset 1,https://www.linkedin.com/in/benjaminmcevoy,https://media.licdn.com/dms/image/v2/C5603AQE3jUuOYRnLbQ/profile-displayphoto-shrink_100_100/profile-displayphoto-shrink_100_100/0/1655852850559?e=1752710400&v=beta&t=0BEka5hB0erFPjqZnle2ZbDOw6VPOwXkRbTkZoU29So,No,No,2025-07-07,not_connected,"",No,"",No,"",No,"",No,"","","",yes - sports goods,Benji Ball,https://www.linkedin.com/company/benjiball/,http://www.benjiball.com,"",male,none
John R.,I.,Founder & President,President at Zero Friction  LLC.,Greater Chicago Area,"","",ACwAAAWkvzUBti1vLcUPG_DGjz5HWi4JSrCNGk4,"",Dataset 1,https://www.linkedin.com/in/john-r-i-44586127,https://media.licdn.com/dms/image/v2/D5603AQFPvtm1pWD6uw/profile-displayphoto-shrink_800_800/profile-displayphoto-shrink_800_800/0/1726005932394?e=1753315200&v=beta&t=gFZSIp0-iVTCh73dkLAjhOc_fn2NxAheC5acBdk2WDM,Yes,No,2025-07-07,not_connected,"",No,"",No,"",No,"",No,"","","",yes - sports goods,Zero Friction  LLC.,https://www.linkedin.com/company/excel-golf/,http://www.zerofriction.com,"",male,none
Manny,DeCastro,Founder,Owner Buki Yuushuu LLC - Professional Martial Arts Weapons | Ninja Marketing Group - Internet & Martial Arts Marketing,Stonington  Connecticut  United States,"","",ACwAAAG4fZ8Bq4ayi8bGMOF0VrAvg6pXTjTh0jA,"",Dataset 1,https://www.linkedin.com/in/mannydecastro,"",No,No,2025-07-07,not_connected,"",No,"",No,"",No,"",No,"","","",yes - No,DojoVillage.com - Martial Arts Social Network,,,"",male,none
James,Petitto,Owner and Founder,Currently chasing my passion and deviating on life’s path – Owner and creator of Deviate Board Co  a different kind of skateboard company.,Brooklyn  New York  United States,"","",ACwAAABwDOkBdGtoCIlghYqdB0t_ofXlkZrKIqk,"",Dataset 1,https://www.linkedin.com/in/james-petitto,https://media.licdn.com/dms/image/v2/C4E03AQEFKZMzbUxXfA/profile-displayphoto-shrink_800_800/profile-displayphoto-shrink_800_800/0/1662684482155?e=1753315200&v=beta&t=qoYmlXRRekWoNGiEgsuWacnH3V9URiuiqUzB55ZcnrI,No,No,2025-07-07,not_connected,"",No,"",No,"",No,"",No,"","","",yes - sports goods - skateboards,Deviate Board Co,,,"",male,none
Andrew,Spriegel,Owner PuttTrue,★ Retired Patent Attorney ★ BSME,Erie  Pennsylvania  United States,"","",ACwAAACd6XoBm50ErJ8mcmbfKkg2uogDS-MVAk0,"",Dataset 1,https://www.linkedin.com/in/spriegel,https://media.licdn.com/dms/image/v2/C4D03AQGUE1js9MpSRw/profile-displayphoto-shrink_800_800/profile-displayphoto-shrink_800_800/0/1642538680719?e=1757548800&v=beta&t=RQ91MMIZG4vh4IJZ7tH1wofBUaU836qIHVdkiH6azm4,No,No,2025-07-07,not_connected,"",No,"",No,"",No,"",No,"","","",yes - sports goods,PuttTrue,,,"",male,none
Mark,Vandermolen,Managing Director,Managing Director at Full Speed Ahead,Seattle y alrededores,"","",ACwAAAAHhhoBgIYKinKiWrAQS4YdZySo6C5Hk58,"",Dataset 1,https://www.linkedin.com/in/markvandermolen,https://media.licdn.com/dms/image/v2/C5603AQEKU_D1tyC3FQ/profile-displayphoto-shrink_800_800/profile-displayphoto-shrink_800_800/0/1578978235412?e=1753315200&v=beta&t=A_QqlUMny5Z13fouEnnuGt4SrI6szFwRRy4d0lceq0A,Yes,No,2025-07-07,not_connected,"",No,"",No,"",No,"",No,"","","",yes - sports goods,Full Speed Ahead,,,"",male,none
Ray,Sasso,Owner/Member,"",Franklin  Wisconsin  United States,"","",ACwAAAohB74BcXZx-_W60E7fO3jaIGWSZc8czdM,"",Dataset 1,https://www.linkedin.com/in/ray-sasso-0a6ab348,"",No,No,2025-07-07,not_connected,"",No,"",No,"",No,"",No,"","","",yes - Fishing product,Pro Fishing Source LLC,,,"",male,none
Vance,Zahorski,Founder,Founder of Line Cutterz | Shark Tank Alumnus | 6x Patented Inventor | Building the YETI of Cutting Tools | Veteran Advocate | Scaling to $1B+,West Columbia  Texas  United States,"","",ACwAAALmTAMBdu1Dw-LZCq3AULRutZDwIvIdtl4,"",Dataset 1,https://www.linkedin.com/in/vancez,"",Yes,No,2025-07-07,not_connected,"",No,"",No,"",No,"",No,"","","",yes - sports goods,Line Cutterz  LLC.,,,"",male,none
Peter,Rueegger,Owner/Member,"",Portland  Oregon  United States,"","",ACwAAAA2rI8Baxuxnk3_AQP5mtlV81D9u_t7D4w,"",Dataset 1,https://www.linkedin.com/in/peter-rueegger-6932491,https://media.licdn.com/dms/image/v2/D5603AQG1dW_8tpDaQw/profile-displayphoto-shrink_800_800/profile-displayphoto-shrink_800_800/0/1675902719268?e=1753315200&v=beta&t=sBdLp5mvorxI2OpwnMiTGYkbsMOxc5LXp5ypISWUnPQ,No,No,2025-07-07,not_connected,"",No,"",No,"",No,"",No,"","","",yes - sports goods,i-generator LLC,,,"",male,none
Steve,Bottcher,CEO/OWNER,CEO/OWNER at Rebel Sports Group,Hanover  Maryland  United States,"","",ACwAAAN3F1YBtq-XafKoq80t4suXeV4Jd3Dq0p0,"",Dataset 1,https://www.linkedin.com/in/steve-bottcher-90657717,https://media.licdn.com/dms/image/v2/C4D03AQH7Y8gG6WFmxw/profile-displayphoto-shrink_800_800/profile-displayphoto-shrink_800_800/0/1516631478184?e=1753315200&v=beta&t=MTcIp3dndbAMsmlHiw6HC4CdloPbAOE1wD63M24zEAk,No,No,2025-07-07,not_connected,"",No,"",No,"",No,"",No,"","","",yes - sports goods,Rebel Sports,https://www.linkedin.com/company/rebel-sports-group/,http://www.rebelsports.com,"",male,none
Charles,Darling,President & Founder,Protonsports.com,Scottsdale  Arizona  United States,"","",ACwAABPxHHIBGHxGuAqHpubScviYvxeGbPOECic,"",Dataset 1,https://www.linkedin.com/in/charles-darling-09606894,https://media.licdn.com/dms/image/v2/D5603AQEXElbOZCK1eg/profile-displayphoto-shrink_800_800/profile-displayphoto-shrink_800_800/0/1699328603169?e=1753315200&v=beta&t=wjd5Z9iS0qoeI76UmYzndmYnFZa1liwCROxnWpGTKJA,No,No,2025-07-07,not_connected,"",No,"",No,"",No,"",No,"","","",yes - sports goods,Proton Sports Inc,,,"",male,none
Josh,Richardson,Owner/CEO,Owner/CEO and Founder ,Alpharetta  Georgia  United States,"","",ACwAAAIbq3AB_NfsR9_rCCi9IEc3txCr-XgY8bM,"",Dataset 1,https://www.linkedin.com/in/joshrichardson62,"",No,No,2025-07-07,not_connected,"",No,"",No,"",No,"",No,"","","",yes - sports goods,Velocity Football Academy,,,"",male,none
Doug,Hudson,Founder/CEO,Founder/CEO at Feedback Sports,United States,"","",ACwAAAAf2LUBISVg668CdeZgU1biAB3AANHl8kE,"",Dataset 1,https://www.linkedin.com/in/doug-hudson-985847,https://media.licdn.com/dms/image/v2/C4D03AQG2c0kjitY3Yw/profile-displayphoto-shrink_800_800/profile-displayphoto-shrink_800_800/0/1516256766355?e=1756944000&v=beta&t=YKnvJIDkKRO_e76VLxxDPX3nPqpZMyvGVVKjjn3co48,No,No,2025-07-07,not_connected,"",No,"",No,"",No,"",No,"","","",yes - sports goods,Feedback Sports,https://www.linkedin.com/company/feedback-sports/,http://www.feedbacksports.com,"",male,none
Dustin,Gyger,Founder & CEO,CEO sixthreezero Ebike & Bike Company,San Clemente  California  United States,"","",ACwAAAUHMvEB8TbEL8D0uXiYlV2-cs_Yx8v0GxE,"",Dataset 1,https://www.linkedin.com/in/dustin-gyger-26930224,"",Yes,No,2025-07-07,not_connected,"",No,"",No,"",No,"",No,"","","",yes - bicycle - sports goods,sixthreezero Bicycle Company,,,"",male,none
John,Courtney,Managing Director,Managing Director at FunAir,Austin  Texas  United States,"","",ACwAAAG9h_UB4DfX8wv9PeLMN2rdmBfT4Zw68eY,"",Dataset 1,https://www.linkedin.com/in/john-courtney-2199419,https://media.licdn.com/dms/image/v2/C4E03AQGI7USaJd980g/profile-displayphoto-shrink_800_800/profile-displayphoto-shrink_800_800/0/1539639264756?e=1753315200&v=beta&t=cSdBefHu0XT5WQ1ZW0csHh2sZGXswhhOgL7SzRO5K-k,No,No,2025-07-07,not_connected,"",No,"",No,"",No,"",No,"","","",yes - sports goods - sail boats,FunAir,https://www.linkedin.com/company/fun-air/,http://www.funair.com,"",male,none
Jon-Erik,Burleson,CEO ,Two Wheel Enthusiast and Industry Professional,Temecula  California  United States,"","",ACwAAAra2E4BaWAka5PHXohUO2J5C6vB4MTentw,"",Dataset 1,https://www.linkedin.com/in/jon-erik-burleson-326ba650,https://media.licdn.com/dms/image/v2/D5603AQGB8SB3WblOog/profile-displayphoto-shrink_800_800/profile-displayphoto-shrink_800_800/0/1697647879534?e=1753315200&v=beta&t=30P5wnnuc4jgPPCgh7utS_dLVW3hB1bZu2a9Hm8OBNw,Yes,No,2025-07-07,not_connected,"",No,"",No,"",No,"",No,"","","",yes - sports goods,Troy Lee Designs,,,"",male,none
Frank,Kim,Executive Chair  Owner,Executive Chair at Pactimo LLC,Littleton  Colorado  United States,"","",ACwAAAHNidAB9YNNBGyX0YlFJe1OJ7HE1PG7fPY,"",Dataset 1,https://www.linkedin.com/in/frank-kim-328168a,https://media.licdn.com/dms/image/v2/D5603AQGLoWoJ-qMFfw/profile-displayphoto-shrink_800_800/profile-displayphoto-shrink_800_800/0/1688610850891?e=1753315200&v=beta&t=hYd3-4m3bQYWch-I9lzdNN4GZjVxlidTEqxOP0l5-IM,No,No,2025-07-07,not_connected,"",No,"",No,"",No,"",No,"","","",yes - sports goods - bicycle,Pactimo,https://www.linkedin.com/company/pactimo/,http://www.pactimo.com,"",male,none
Qiqi,Yang,Founder,Founder at SeriousPlayerOnly,Boston  Massachusetts  United States,"","",ACwAAAl_KrYBjxEvMfJMvskKvYyh1SNUUen2gFQ,"",Dataset 1,https://www.linkedin.com/in/qiqi-yang-30643845,"",No,No,2025-07-07,not_connected,"",No,"",No,"",No,"",No,"","","",yes - sports goods,SeriousPlayerOnly,https://www.linkedin.com/company/seriousplayeronly/,https://seriousplayeronly.com/,"",female,none
Sal,DePino,Founder & CEO,Entrepreneur  Founder & CEO of TRAPSKI  LLC,Greater Hartford,"","",ACwAAAB2SdAB2XOpIVXGm2Q4Z3AdIUq27huAsvs,"",Dataset 1,https://www.linkedin.com/in/sal-depino-24071a2,https://media.licdn.com/dms/image/v2/D4E03AQEr7rviMCbBqg/profile-displayphoto-shrink_800_800/profile-displayphoto-shrink_800_800/0/1670977544519?e=1753315200&v=beta&t=dugpRAEZyovEx5r4UsFeL3JlQFnmccw8RkSnU-2U8KA,No,No,2025-07-07,not_connected,"",No,"",No,"",No,"",No,"","","",yes - sports goods,TRAPSKI,,,"",male,none
"Chris""Topher""",Laws,Owner/ Founder,Independent Sporting Goods Sales Professional.,Bend  Oregon  United States,"","",ACwAAAH9JNwBrG6TjYUbkKF4s48-EGHaZ3AdqlM,"",Dataset 1,https://www.linkedin.com/in/christopher-laws-910211b,https://media.licdn.com/dms/image/v2/C5603AQGIuIzVKhWJHw/profile-displayphoto-shrink_800_800/profile-displayphoto-shrink_800_800/0/1657296824228?e=1753315200&v=beta&t=cnbeFNWXWlFpSgd8eCBfnoqFk9XkwjGkhGnqL0YziZ8,No,No,2025-07-07,not_connected,"",No,"",No,"",No,"",No,"","","",yes - sports goods,Evergreen Industries,,,"",male,none
Aaron,Bagshaw,Business Owner,President at WH Bagshaw Co and Owner  WH Bagshaw Co,Nashua  New Hampshire  United States,"","",ACwAAAB8WKABxjKbtSxZr2K7OxlwnYVrahXD7VM,"",Dataset 1,https://www.linkedin.com/in/aaron-bagshaw-b4088b2,https://media.licdn.com/dms/image/v2/C5603AQGpZmx0LVTIFg/profile-displayphoto-shrink_800_800/profile-displayphoto-shrink_800_800/0/1516287042948?e=1753315200&v=beta&t=uAaeWfLxSUy28G4j13OkvPRX_N-Q7HqeP_xCmhtKZAo,Yes,No,2025-07-07,not_connected,"",No,"",No,"",No,"",No,"","","",yes - sports goods,Walter Bat Company,https://www.linkedin.com/company/walter-bat-company/,https://walterbats.com/,"",male,none
Meg,McCall,Founder & CEO,Business Owner | Marketing Executive,San Luis Obispo  California  United States,"","",ACwAAAKxVV4BeJPK85YjCGOiEL25uWkWU0jK4rA,"",Dataset 1,https://www.linkedin.com/in/meg-mccall-73a16713,https://media.licdn.com/dms/image/v2/D5603AQGIlbYvf5AvNg/profile-displayphoto-shrink_400_400/B56ZQUJG_BH0Ag-/0/1735504721165?e=1753315200&v=beta&t=gj5_H8GrFxZLkDOnExgPJjGBpqnY93EwAhFdItGxeTk,No,No,2025-07-07,not_connected,"",No,"",No,"",No,"",No,"","","",yes - sports goods,Angle Oar LLC,,,"",female,none
Tyler,Ketz,Managing Director,"",Seattle  Washington  United States,"","",ACwAAAhj0iIBgRz6dXU7YdEL9qFPlY318rhAVpk,"",Dataset 1,https://www.linkedin.com/in/tyler-ketz-1161823b,https://media.licdn.com/dms/image/v2/C5603AQGgvKt7T5ChIQ/profile-displayphoto-shrink_800_800/profile-displayphoto-shrink_800_800/0/1649176202906?e=1753315200&v=beta&t=9le9-tNWyYqcEMF-KKR66uvJNJbgT1Y9aHVeSbUfj3o,No,No,2025-07-07,not_connected,"",No,"",No,"",No,"",No,"","","",yes - sports goods,Low Pressure Studio BV,,,"",male,none
Robert,Jablonski,CEO and Owner  Vexilar LLC and AWC Distributing LLC,CEO,Greater Minneapolis-St. Paul Area,"","",ACwAAAA4S9oB0M1N-RlG8a2BKvURv-qjJLrgiHY,"",Dataset 1,https://www.linkedin.com/in/robert-jablonski,https://media.licdn.com/dms/image/v2/C4D03AQHll3q1B-5gFQ/profile-displayphoto-shrink_800_800/profile-displayphoto-shrink_800_800/0/1581351578298?e=1753315200&v=beta&t=FXWWQifOpK5CZIOwMVupSz2eWTBn4dZXoas4fi2QiEA,Yes,No,2025-07-07,not_connected,"",No,"",No,"",No,"",No,"","","",yes - Fishing product,Vexilar LLC,https://www.linkedin.com/company/vexilar/,www.vexilar.com,"",male,none
Jay,Elmore,Founder & CEO,Founder & CEO | Green Gridiron,Greenville  South Carolina  United States,"","",ACwAAABccAMBiZl7O_NoEXNTr3hsw6P7DiCgaDs,"",Dataset 1,https://www.linkedin.com/in/jay-elmore-9430412,https://media.licdn.com/dms/image/v2/C4E03AQHg0Rw5JKj9jA/profile-displayphoto-shrink_800_800/profile-displayphoto-shrink_800_800/0/1542119261185?e=1753315200&v=beta&t=rhSgndzcn6tSQA-jqW2FWdAH2A1fNEue5owJV8at5TY,No,No,2025-07-07,not_connected,"",No,"",No,"",No,"",No,"","","",yes - sports goods,Green Gridiron  Inc,,,"",male,none
Lawrence,Gilligan,Owner,President - Akadema INC.,Bloomingdale  New Jersey  United States,"","",ACwAAAFWdMcBnUaA2ZWbfrYM8sr1oclALR5o2LA,"",Dataset 1,https://www.linkedin.com/in/lawrence-gilligan-b736237,https://media.licdn.com/dms/image/v2/D4E03AQEHPCvHtznh8w/profile-displayphoto-shrink_800_800/profile-displayphoto-shrink_800_800/0/1705600823871?e=1756944000&v=beta&t=0YROSHGV-lqHHjMjrokr6zdvjvXWn16XHMQ8Va7jI-s,No,No,2025-07-07,not_connected,"",No,"",No,"",No,"",No,"","","",yes - sports goods,Akadema Inc.,https://www.linkedin.com/company/akadema-inc./,http://www.akademapro.com,"",male,none
Todd,Meleney,Founder & CEO ,Founder & CEO - while on earth™,Boston  Massachusetts  United States,"","",ACwAAANOx5YB-f1iXYuU4K5oUoXOUUhShEfA1rI,"",Dataset 1,https://www.linkedin.com/in/toddmeleney,"",No,No,2025-07-07,not_connected,"",No,"",No,"",No,"",No,"","","",yes - fitness,while on earth™,,,"",male,none
Keith,Reis,Founder  President,Multi-channel Sales Professional,Louisville  Colorado  United States,"","",ACwAAADZ0I8B3Wrmy0I5ye6EfMmtcN_KdsnLdLI,"",Dataset 1,https://www.linkedin.com/in/keith-reis-9a79444,https://media.licdn.com/dms/image/v2/C4E03AQFloT9TooRpyg/profile-displayphoto-shrink_800_800/profile-displayphoto-shrink_800_800/0/1517710547177?e=1753315200&v=beta&t=DNNUbPICwHXgLR-e3Fq8WwNdbgGvX4wwkh679_ffHSc,Yes,No,2025-07-07,not_connected,"",No,"",No,"",No,"",No,"","","",yes - sports goods,Sanitas Sales Group,,,"",male,none
John,Skrabo,Founder/President,President at Tak Logic  LLC (Lure Lock  Glamour Lock  Tool Lock  Medical Lock brands).,Birmingham  Alabama  United States,"","",ACwAAAAuJwcBfKv0dD33XgdQXGeG1an9upAoI14,"",Dataset 1,https://www.linkedin.com/in/john-skrabo-45b01a1,https://media.licdn.com/dms/image/v2/D5603AQFm6msHpk5mrA/profile-displayphoto-shrink_800_800/profile-displayphoto-shrink_800_800/0/1730934314991?e=1753315200&v=beta&t=suQ8l_w0AqbxR5f0vIyQqDrCtQ6IhWPVL2XYWxYeqSs,No,No,2025-07-07,not_connected,"",No,"",No,"",No,"",No,"","","",yes - footwear,BoneZZZ Corp. Home of 26BoneZZZ Brand Footwear,,,"",male,none
Marina,Mironov,Business Owner,Founder and CEO  DreamGYM Inc.,Toronto  Ontario  Canada,"","",ACwAAAAqxxMBOZWljOTlDmmFlLIdQwLSIgdYMFE,"",Dataset 1,https://www.linkedin.com/in/marinamironov,https://media.licdn.com/dms/image/v2/D5603AQHGTekZ7pLC-A/profile-displayphoto-shrink_800_800/profile-displayphoto-shrink_800_800/0/1668611106961?e=1753315200&v=beta&t=3fFsv87xjp-cc_v2Nqm6O9YnpZWP8uQ5DPKGx_QupVw,No,No,2025-07-07,not_connected,"",No,"",No,"",No,"",No,"","","",yes - fitness,DreamGYM,,,"",female,none
Patrick,Douglas,Founder & President,Entrepreneur  innovator  strategist and product designer,Belgrade  Montana  United States,"","",ACwAAAEJycsBK4v39HYG9K7HdTdV7zJFePF3fJQ,"",Dataset 1,https://www.linkedin.com/in/patrick-douglas-323a005,https://media.licdn.com/dms/image/v2/C4E03AQGy3w1M9PtYng/profile-displayphoto-shrink_800_800/profile-displayphoto-shrink_800_800/0/1517655881050?e=1753315200&v=beta&t=LmufpioJ6zTvuUc8gtkYwlffb87bc9wC2TRwsthGhx0,No,No,2025-07-07,not_connected,"",No,"",No,"",No,"",No,"","","",yes - sports goods - Fishing product,Oros Fly Fishing,,,"",male,none
Karen,Nystrom,Managing Director  Canada Subsidiary,Supply Chain I Operations I Account Service Expert I Leader I Coach I Mentor,Whitby  Ontario  Canada,"","",ACwAAALYv2gBZp_W8521yBiv2SO-xWMIHnLeAnc,"",Dataset 1,https://www.linkedin.com/in/karen-nystrom-520bb213,https://media.licdn.com/dms/image/v2/D5603AQG1dcsxbdO3jQ/profile-displayphoto-shrink_800_800/profile-displayphoto-shrink_800_800/0/1726625775225?e=1753315200&v=beta&t=g51SyI_BO8YFdACoL19zMOkBKPIy9IyBxVR6Ls8jDj8,No,No,2025-07-07,not_connected,"",No,"",No,"",No,"",No,"","","",yes - sports goods,JOOLA,,,"",female,none
Kevin,Sloan,Founder/CEO,Founder/CEO Skwala Fishing,Bozeman  Montana  United States,"","",ACwAAAEOSngBrbfN0U6F779ILcJhZ4A6oXGvFQk,"",Dataset 1,https://www.linkedin.com/in/kevin-sloan-048b235,https://media.licdn.com/dms/image/v2/C5603AQEOEk_aYDeL5g/profile-displayphoto-shrink_800_800/profile-displayphoto-shrink_800_800/0/1643506820914?e=1753315200&v=beta&t=rfwbXgjcLHolJweo2DzNvHkoypMImetGXpSW9Bob0dM,No,No,2025-07-07,not_connected,"",No,"",No,"",No,"",No,"","","",Fishing product - yes,Skwala Fishing,https://www.linkedin.com/company/skwala-fishing/,http://www.skwalafishing.com,"",male,none
Gianluca,Caliari,Owner,President at Albabici  llc,Oxnard  California  United States,"","",ACwAAAEVMCUBuBWm9TZ3kbdOX6XcFI6JLaApQKk,"",Dataset 1,https://www.linkedin.com/in/gianluca-caliari-7451006,https://media.licdn.com/dms/image/v2/C4E03AQEN5c1Pk_CRFQ/profile-displayphoto-shrink_800_800/profile-displayphoto-shrink_800_800/0/1517669177559?e=1753315200&v=beta&t=-dapAora7p9LoyivGKY9C3waISMpCOZrlHv0I6-w6m8,No,No,2025-07-07,not_connected,"",No,"",No,"",No,"",No,"","","",yes - wholesale - bicycle,Albabici  llc,,,"",male,none
Jan,Stechmann,Managing Director,VP Sales & Marketing at Ceradis B.V.,Cary  North Carolina  United States,"","",ACwAAABGjwsBv6QXFqj_qYI7Y_Ma97lxPqWlubA,"",Dataset 1,https://www.linkedin.com/in/janstechmann,https://media.licdn.com/dms/image/v2/D5603AQEObtpOMxgXoQ/profile-displayphoto-shrink_800_800/profile-displayphoto-shrink_800_800/0/1701383300283?e=1753315200&v=beta&t=5whCpbJmf0lTYPbXCpnxNap9bRnl32Txi27vU6GaGnc,No,No,2025-07-07,not_connected,"",No,"",No,"",No,"",No,"","","",yes - sports goods,SPIETH America,,,"",male,none
Corey,Lowe,Owner,"",Seattle  Washington  United States,"","",ACwAAAJaFTYBUZE0zVoiA9mwmECWWuv1is2Wig0,"",Dataset 1,https://www.linkedin.com/in/lowecorey,https://media.licdn.com/dms/image/v2/C5603AQEz-kqQhyh5Cg/profile-displayphoto-shrink_800_800/profile-displayphoto-shrink_800_800/0/1517750452130?e=1753315200&v=beta&t=0cGtZ-ocJlwmZgZujQlCuuG__kNOD0AK6MY3lyqaSKw,No,No,2025-07-07,not_connected,"",No,"",No,"",No,"",No,"","","",yes - bicycle,Eyewater Bicycles,,,"",male,none
Darin,Jackman,Chief Executive Officer,Owner  Sticks & Stones Golf Simulators | 888.978.5290 | Serving all 50 States | sticksandstonesgolfsimulators.com,Saratoga Springs  Utah  United States,"","",ACwAABA9ZY0BIx4nU04VUtG712KHKZ9tK1tK_kY,"",Dataset 1,https://www.linkedin.com/in/sticksandstonesgolfsimulators,"",No,No,2025-07-07,not_connected,"",No,"",No,"",No,"",No,"","","",yes - golf stuff,Sticks and Stones Golf Simulators ,,,"",male,none
Mads Faith,Hancock,OWNER & FOUNDER,OWNER & FOUNDER RICH & HANC / RESEARCH STUDIO ™,New York  New York  United States,"","",ACwAAAX2nJMBnMctxggEbGO9apUMgmknGgKDbtM,"",Dataset 1,https://www.linkedin.com/in/mads-faith-hancock-1ab60a29,"",No,No,2025-07-07,not_connected,"",No,"",No,"",No,"",No,"","","",yes - sports goods,RICH & HANC AGENCY ,,,"",male,none
Andy,Sutton,CEO / Owner,CEO / Owner at Verbero Hockey,Franklin  Tennessee  United States,"","",ACwAAAyoHkwBu7YYdEVry03ii5mAPrYe-c1fAWo,"",Dataset 1,https://www.linkedin.com/in/andy-sutton-5a41445b,https://media.licdn.com/dms/image/v2/C4D03AQHHFEL-L_K-cw/profile-displayphoto-shrink_800_800/profile-displayphoto-shrink_800_800/0/1646585320948?e=1753315200&v=beta&t=Ls1L_XkgNBx9WjMOCducjGEAZHWYo26Gta2HuajM1Kk,No,No,2025-07-07,not_connected,"",No,"",No,"",No,"",No,"","","",yes - sports goods,Verbero Hockey,,,"",male,none
Colin,Maguire,Managing Director,Product Manager at Fringe Sport,Austin  Texas Metropolitan Area,"","",ACwAABeAgMgB10LewgSbFM3WDUzaCqKJywrQstU,"",Dataset 1,https://www.linkedin.com/in/colin-maguire-548071b0,https://media.licdn.com/dms/image/v2/D5603AQHQxAgz12oiSw/profile-displayphoto-shrink_800_800/profile-displayphoto-shrink_800_800/0/1729607312241?e=1753315200&v=beta&t=RCt-qn1ugREIqOg3Jw_BMrGBTd41lFqglq6olhqz5oQ,No,No,2025-07-07,not_connected,"",No,"",No,"",No,"",No,"","","",yes - sports goods - golf stuff,Stick Grips Golf,,,"",male,none
Edward,Wimmer IV,Owner,Co-Founder  CEO at ROAD iD,Covington  Kentucky  United States,"","",ACwAAAIBTFsBVE-vY0aevpNZOL4PTOgskV_JQSY,"",Dataset 1,https://www.linkedin.com/in/edwardwimmer4,https://media.licdn.com/dms/image/v2/C4E03AQEQQNChej-UYg/profile-displayphoto-shrink_800_800/profile-displayphoto-shrink_800_800/0/1590494670876?e=1752710400&v=beta&t=Aib5WX0P4QoDYbuUGcm035Hna1FewwqniG0Ux1lpi_4,Yes,No,2025-07-07,not_connected,"",No,"",No,"",No,"",No,"","","",yes - sports goods,Road ID,,,"",male,none
Eli,Dent,Founder and CEO,Chief Kickit Officer & Advertising Consultant,Atlanta  Georgia  United States,"","",ACwAABNrhmABOqED19gH2u7aK-W1by5ugULVfUc,"",Dataset 1,https://www.linkedin.com/in/eli-dent,https://media.licdn.com/dms/image/v2/C5603AQFce9EDD7RwOg/profile-displayphoto-shrink_800_800/profile-displayphoto-shrink_800_800/0/1613594053070?e=1753315200&v=beta&t=tKJ6C-7wior0ykUZznf5eNVrQP4zspvbGvVu1bWIvZo,No,No,2025-07-07,not_connected,"",No,"",No,"",No,"",No,"","","",yes - sports goods,Kickit,,,"",male,none
Mike,Lotocki,President / Owner,President / Owner at All Pro Team Sports,Washington DC-Baltimore Area,"","",ACwAAADbBOYBBH_PZoUxtM1JSvY5vOPkD8INdmc,"",Dataset 1,https://www.linkedin.com/in/mike-lotocki-6069824,https://media.licdn.com/dms/image/v2/D4E03AQH9nvgKgD9QBA/profile-displayphoto-shrink_800_800/profile-displayphoto-shrink_800_800/0/1704304287843?e=1753315200&v=beta&t=Y6ZaSpCZLsNTIC4dPA48PCv4Ys6JtSVrDG0BljEFeQQ,No,No,2025-07-07,not_connected,"",No,"",No,"",No,"",No,"","","",yes - sports goods,All Pro Team Sports,https://www.linkedin.com/company/all-pro-team-sports/,http://www.apteamsports.com,"",male,none
Scott,Kovesdy,Owner / Founder,Founder/Owner - Desert Fox Golf,Chandler  Arizona  United States,"","",ACwAAAAhW2wB1urS4CSCYB4ZzhDZ-74drarnMKM,"",Dataset 1,https://www.linkedin.com/in/skovesdy,"",No,No,2025-07-07,not_connected,"",No,"",No,"",No,"",No,"","","",yes - golf stuff,Desert Fox Golf,,,"",male,none
Kevin,Volz,Owner/CEO,Owner/CEO Eldorado Climbing Walls,Boulder  Colorado  United States,"","",ACwAAAFSoncBE_rs4PvQnFo-d7WrUNp_jkdSozw,"",Dataset 1,https://www.linkedin.com/in/kevin-volz-0475237,https://media.licdn.com/dms/image/v2/C5603AQECbbXQB1qQ9A/profile-displayphoto-shrink_800_800/profile-displayphoto-shrink_800_800/0/1624035104636?e=1756944000&v=beta&t=kELdWVsTR4XO8sq0yV_X3vf9VaysuDben0IHmgCjh_M,No,No,2025-07-07,not_connected,"",No,"",No,"",No,"",No,"","","",yes - sports goods,Eldorado Climbing,https://www.linkedin.com/company/eldorado-climbing-walls/,https://eldowalls.com/,"",male,none
Justin,Rutherford,Owner,Owner at Torpedo Design,Greater Tampa Bay Area,"","",ACwAAASRT5wBaiycYfS6grRgO30j_q6YqwaaZOU,"",Dataset 1,https://www.linkedin.com/in/justin-rutherford-2507b721,https://media.licdn.com/dms/image/v2/C4E03AQF3Y52oHijP_Q/profile-displayphoto-shrink_800_800/profile-displayphoto-shrink_800_800/0/1596484255279?e=1753315200&v=beta&t=tUpFhTY3QS3TdWaDztBK9sy6s4Fez443qXuAinDzsDU,Yes,No,2025-07-07,not_connected,"",No,"",No,"",No,"",No,"","","",yes - sail boats,Torpedo Design,,,"",male,none
Blue,Montgomery,Founder / President,"",Seattle  Washington  United States,"","",ACwAAAFK6j4B4XvTdWvkr86PYmKs97w_SFBZGAc,"",Dataset 1,https://www.linkedin.com/in/blue-montgomery-31231a7,"",No,No,2025-07-07,not_connected,"",No,"",No,"",No,"",No,"","","",yes - sports goods - snowboards,CAPiTA Snowboarding,,,"",male,none
Steve,Cuomo,CEO,Powercage Pedals,United States,"","",ACwAAADJJMcBvpdl12c1L2mYyQnoZMGwcdkbUKY,"",Dataset 1,https://www.linkedin.com/in/steve-cuomo-6874b84,https://media.licdn.com/dms/image/v2/C4E03AQH76QZFWjZp-Q/profile-displayphoto-shrink_800_800/profile-displayphoto-shrink_800_800/0/1517689830570?e=1753315200&v=beta&t=5BDjspY-Z3MAMAKUpYBGj8GVyMydWeNxEihQ_e-7Iy0,No,No,2025-07-07,not_connected,"",No,"",No,"",No,"",No,"","","",yes - sports goods,Powercage Pedals,,,"",male,none
Michael,Goode,Business Owner,"",Salt Lake City  Utah  United States,"","",ACwAAAEhLucBuuGTFFjPYHbKyAAi5nnGG4Ql44U,"",Dataset 1,https://www.linkedin.com/in/mwgoode,https://media.licdn.com/dms/image/v2/C4D03AQES7_ocaNrgbQ/profile-displayphoto-shrink_800_800/profile-displayphoto-shrink_800_800/0/1605079085626?e=1753315200&v=beta&t=i3NC-kqX7bvyLiAvK_hm2PXPXICkQw3zXY83sET7_-E,No,Yes,2025-07-07,not_connected,"",No,"",No,"",No,"",No,"","","",yes - sports goods,Barking Pine LLC,,,"",male,none
Matthew,Paul,Founder & Owner,Founder of Pin Hunters Golf Co. – Senior Real Estate & Finance Student at The Wisconsin School of Business,Chaska  Minnesota  United States,"","",ACwAADMIUWUBTbmIHYmASOCs2uGQo2WFA_IncCQ,"",Dataset 1,https://www.linkedin.com/in/matthewpaul-,https://media.licdn.com/dms/image/v2/D5603AQFFC5PLr7dP6A/profile-displayphoto-shrink_800_800/profile-displayphoto-shrink_800_800/0/1666804178998?e=1753315200&v=beta&t=YrbgxIqabeKpG7mQvkgXzGtxb3ZJbpqsrAgON9oriEQ,No,No,2025-07-07,not_connected,"",No,"",No,"",No,"",No,"","","",yes - sports goods - golf stuff,Pin Hunters Golf Co,,,"",male,none
Keith,Barnett,Partner | Managing Director,Partner | Managing Director,San Diego  California  United States,"","",ACwAAADrXxABP7os-SMEPr0-TP_RJKwcaXk5b38,"",Dataset 1,https://www.linkedin.com/in/keithbarnett,https://media.licdn.com/dms/image/v2/D5603AQEVVxA3MX8EDA/profile-displayphoto-shrink_100_100/B56ZUXaxwoHQAg-/0/1739854651202?e=1752710400&v=beta&t=DQ2RC54aSxV0ReBkVgGvUoa3uepSokNdMrWKYxufn-o,No,No,2025-07-07,not_connected,"",No,"",No,"",No,"",No,"","","",yes - sports goods,VIVE Create Future,,,"",male,none
Gareth,Richards,Founder and CEO,Founder and CEO of Outdoor Prolink,Boulder  Colorado  United States,"","",ACwAAAKHzw0BRphseNxCRPQdt7hSC3JLNJdPH2Y,"",Dataset 1,https://www.linkedin.com/in/gareth-richards-8b927412,https://media.licdn.com/dms/image/v2/C5603AQFybFEcPAKJVA/profile-displayphoto-shrink_800_800/profile-displayphoto-shrink_800_800/0/1622671207496?e=1752710400&v=beta&t=FRab-LdZ4XIIt4G7ns_xwTwO5tBBb1zyc66sTNcWeKE,No,No,2025-07-07,not_connected,"",No,"",No,"",No,"",No,"","","",sports goods - yes,Outdoor Prolink,https://www.linkedin.com/company/outdoor-prolink/,https://outdoorprolink.com/,"",male,none
Joel,Wiens,Founder & CEO,Founder & CEO at WSI Sports,St Paul  Minnesota  United States,"","",ACwAAAxAucQBU7c2ZW0FkEP4BGapiyGqesBMVlM,"",Dataset 1,https://www.linkedin.com/in/joel-wiens-284a1758,https://media.licdn.com/dms/image/v2/D5603AQH2Hgfbt5v09A/profile-displayphoto-shrink_800_800/B56ZQe_YgdG8Ac-/0/1735686719969?e=1753315200&v=beta&t=j8B1C9wC5G89H_wZdXBz2RgYPJY2lJDqDvQVNXeqqi0,No,No,2025-07-07,not_connected,"",No,"",No,"",No,"",No,"","","",yes - sports goods,WSI SPORTS,https://www.linkedin.com/company/wsisportswear/,https://wsisports.com/,"",male,none
Chris,Calandro,Owner,"",Frisco  Texas  United States,"","",ACwAAAD9AeoB9JGqmMuK_CAeNcbSyOweFkg2MdE,"",Dataset 1,https://www.linkedin.com/in/chris-calandro-6626775,https://media.licdn.com/dms/image/v2/C4E03AQFfKjCC8T7CIg/profile-displayphoto-shrink_800_800/profile-displayphoto-shrink_800_800/0/1517752961076?e=1753315200&v=beta&t=4GI4Qz2Mez7EGOPSI2eA9AvVEfZ3mxnEAgDwdtN2Aas,Yes,No,2025-07-07,not_connected,"",No,"",No,"",No,"",No,"","","",yes - sports goods,Big Game,,,"",male,none
Sean,Alexander,President & Founder,President & Founder,Calgary  Alberta  Canada,"","",ACwAAAQVDfEBjNVCxB-_8Psp1PIi9-iH3w1sALc,"",Dataset 1,https://www.linkedin.com/in/sean-alexander-7a9b2a1a,"",No,No,2025-07-07,not_connected,"",No,"",No,"",No,"",No,"","","",yes - sports goods,KAILANI,,,"",male,none
Mark,Paigen,Owner/Founder,Owner  Tread Labs,Greater Boston,"","",ACwAAASz0LcB2h4tfjYC9Bg1_tdgsusO8FUecZs,"",Dataset 1,https://www.linkedin.com/in/mpaigen,https://media.licdn.com/dms/image/v2/C4D03AQEw34kc5f3oEg/profile-displayphoto-shrink_800_800/profile-displayphoto-shrink_800_800/0/1516974119276?e=1753315200&v=beta&t=zNrA7XZkZLQ6Oz01C1NPE3JXWPpig9vKJvipy7VqCy8,Yes,No,2025-07-07,not_connected,"",No,"",No,"",No,"",No,"","","",yes - footwear - fitness,Tread Labs,,,"",male,none
Greg,McEvilly,CEO/Founder,CEO and Founder at Kammok®,Austin  Texas  United States,"","",ACwAAAiyM7YBPy1zvqaYKdtLxGqcnv_bmR-7OxI,"",Dataset 1,https://www.linkedin.com/in/gregmcevilly,https://media.licdn.com/dms/image/v2/C5603AQGN8CHDfnvXgA/profile-displayphoto-shrink_800_800/profile-displayphoto-shrink_800_800/0/1590888678594?e=1755734400&v=beta&t=ykHoTDwbdybeGC-hffHojQZrHwdrJF40dBjHZF0q8_0,Yes,No,2025-07-07,not_connected,"",No,"",No,"",No,"",No,"","","",yes - sports goods,KAMMOK™,,,"",male,none
Steve,Boyer,Owner,Owner at 13west  LLC,Orange County  California  United States,"","",ACwAAAWKCB8BmTCxjhudwZrua-lEBamIB1gnNu0,"",Dataset 1,https://www.linkedin.com/in/steve-boyer-1bb15827,https://media.licdn.com/dms/image/v2/C5603AQGdQZ8CQO7p8A/profile-displayphoto-shrink_800_800/profile-displayphoto-shrink_800_800/0/1573102028837?e=1753315200&v=beta&t=blQfs0p1nAgkFI-cAIh5KbaaVkZ59SbKDvSIzRSp6pw,No,No,2025-07-07,not_connected,"",No,"",No,"",No,"",No,"","","",yes - sports goods,13west  LLC,,,"",male,none
Bill,Robinson,Owner,Owner at Fit2Run-The Runner&​#39;s Superstore,Parrish  Florida  United States,"","",ACwAABpGeqEB58pS-P5ZVrz7HrdxyqWnV01cKXU,"",Dataset 1,https://www.linkedin.com/in/bill-robinson-b4176b103,"",No,No,2025-07-07,not_connected,"",No,"",No,"",No,"",No,"","","",yes - sports goods,Fit2Run-The Runner's Superstore,,,"",male,none
Andy,Serrano,Owner,Owner at AME Fitness Equipment,Deer Park  New York  United States,"","",ACwAACMWld4BRQ5Eordz8GVxIywkyDrS6-qLdyw,"",Dataset 1,https://www.linkedin.com/in/andy-serrano-a52194145,https://media.licdn.com/dms/image/v2/C5103AQEnq2qS2b_NAA/profile-displayphoto-shrink_800_800/profile-displayphoto-shrink_800_800/0/1516965282783?e=1753315200&v=beta&t=okOa1Thdw8HblbkUrWZnDIN2a_sdI-VfV3uk3ZI-pqI,No,No,2025-07-07,not_connected,"",No,"",No,"",No,"",No,"","","",yes - sports goods,AME Fitness Equipment,,,"",male,none
